Identifier,Company Name,Country of Headquarters,TRBC Industry Name,"YoY % Chg in
Net Loans
(USD)
In the last 14 FY",,,,,,,,,,,,,,"Net Loans
(USD)
In the last 14 FY",,,,,,,,,,,,,,"Total Deposits
(USD)
In the last 14 FY",,,,,,,,,,,,,,"YoY % Chg in
Total Deposits
(USD)
In the last 14 FY",,,,,,,,,,,,,,"Capital Adequacy - Tier 1 Capital (Value)
(USD)
In the last 14 FY",,,,,,,,,,,,,,"Non-Performing Loans
(USD)
In the last 14 FY",,,,,,,,,,,,,,"Efficiency Ratio (%)
In the last 14 FY",,,,,,,,,,,,,,"Pretax ROA (%)
In the last 14 FY",,,,,,,,,,,,,
,,,,FY0,FY-1,FY-2,FY-3,FY-4,FY-5,FY-6,FY-7,FY-8,FY-9,FY-10,FY-11,FY-12,FY-13,FY0,FY-1,FY-2,FY-3,FY-4,FY-5,FY-6,FY-7,FY-8,FY-9,FY-10,FY-11,FY-12,FY-13,FY0,FY-1,FY-2,FY-3,FY-4,FY-5,FY-6,FY-7,FY-8,FY-9,FY-10,FY-11,FY-12,FY-13,FY0,FY-1,FY-2,FY-3,FY-4,FY-5,FY-6,FY-7,FY-8,FY-9,FY-10,FY-11,FY-12,FY-13,FY0,FY-1,FY-2,FY-3,FY-4,FY-5,FY-6,FY-7,FY-8,FY-9,FY-10,FY-11,FY-12,FY-13,FY0,FY-1,FY-2,FY-3,FY-4,FY-5,FY-6,FY-7,FY-8,FY-9,FY-10,FY-11,FY-12,FY-13,FY0,FY-1,FY-2,FY-3,FY-4,FY-5,FY-6,FY-7,FY-8,FY-9,FY-10,FY-11,FY-12,FY-13,FY0,FY-1,FY-2,FY-3,FY-4,FY-5,FY-6,FY-7,FY-8,FY-9,FY-10,FY-11,FY-12,FY-13
,,,,,,,,,,,,,,,,,,,,,,,,,,,,,,,,,,,,,,,,,,,,,,,,,,,,,,,,,,,,,,,,,,,,,,,,,,,,,,,,,,,,,,,,,,,,,,,,,,,,,,,,,,,,,,,,,,,
BDMN.JK,Bank Danamon Indonesia Tbk PT,Indonesia,Banks,21.2%,4.2%,-6.6%,-8.4%,8.8%,1.9%,1.6%,-3.5%,-17.0%,0.4%,-7.8%,25.0%,15.9%,31.3%,"10,650,120,103.93","8,786,072,984.26","8,435,422,666.67","9,030,557,264.96","9,854,497,334.29","9,054,177,878.26","8,882,790,563.95","8,746,643,875.28","9,059,933,986.22","10,913,547,819.06","10,867,018,585.53","11,788,665,420.56","9,432,980,022.08","8,136,404,775.12","9,187,625,982.46","8,182,169,097.33","8,656,414,315.79","8,989,382,407.41","8,233,035,446.69","7,711,180,382.61","7,853,397,051.23","7,914,807,201.19","8,485,133,043.16","9,605,895,718.90","9,116,476,973.68","9,628,482,554.52","9,800,465,562.91","9,059,442,754.03",12.3%,-5.5%,-3.7%,9.2%,6.8%,-1.8%,-0.8%,-6.7%,-11.7%,5.4%,-5.3%,-1.8%,8.2%,24.3%,,,,,,,,,"2,168,442,509.97","2,313,108,562.20",,,,,"421,619,746.67","420,049,919.69","359,613,263.16","295,787,749.29","255,785,806.92","212,482,434.78","209,449,760.41",,"245,210,591.22","216,742,003.23","208,470,394.74","276,116,303.22","25,455,849.89","271,738,700.72",57.7%,58.1%,54.9%,52.6%,51.5%,54.8%,52.8%,55.3%,57.3%,61.7%,55.9%,57.3%,58.2%,57.2%,2.2%,2.3%,1.2%,1.0%,2.9%,2.7%,2.8%,2.4%,1.7%,1.9%,3.3%,3.7%,3.5%,3.7%
BNII.JK,Bank Maybank Indonesia Tbk PT,Indonesia,Banks,8.9%,-2.9%,-4.9%,-15.9%,-5.2%,0.3%,7.6%,5.3%,-5.4%,2.0%,6.9%,14.4%,25.9%,39.9%,"7,306,262,098.08","6,710,993,832.32","6,912,483,087.72","7,267,916,880.34","8,646,885,302.59","9,118,031,582.61","9,089,428,824.18","8,443,635,115.07","8,015,227,203.48","8,473,642,730.21","8,304,057,976.97","7,764,868,016.61","6,786,374,061.81","5,390,105,941.14","7,813,277,297.82","6,994,667,202.06","8,425,343,017.54","8,777,718,874.64","8,194,168,948.13","8,419,499,826.09","9,226,165,352.01","9,036,567,112.10","8,587,950,525.93","8,466,339,499.19","8,905,844,243.42","9,103,919,210.80","7,917,059,381.90","6,750,666,629.65",11.7%,-17.0%,-4.0%,7.1%,-2.7%,-8.7%,2.1%,5.2%,1.4%,-4.9%,-2.2%,15.0%,17.3%,31.1%,"1,856,557,713.54","1,779,009,187.28","1,916,191,298.25","1,813,574,857.55","1,762,902,233.43","1,604,589,704.35","1,392,068,853.67","1,279,945,953.97","989,379,833.15","1,070,392,003.23","864,427,138.16",,,,"201,413,965.57","292,742,177.96","371,937,754.39","273,919,658.12","276,406,772.33","214,740,382.61","239,686,251.38","281,668,151.45","276,546,898.80","172,485,460.42","459,270,148.03","132,417,133.96","142,942,715.23","174,935,702.39",63.1%,62.8%,59.8%,59.4%,59.8%,58.2%,55.4%,,56.7%,64.6%,70.7%,77.2%,,,1.4%,1.2%,1.3%,1.1%,1.5%,1.7%,1.5%,,1.1%,0.7%,1.7%,1.6%,,
BBNI.JK,Bank Negara Indonesia (Persero) Tbk PT,Indonesia,Banks,9.9%,2.5%,-3.3%,-0.8%,12.3%,10.1%,12.5%,22.7%,4.2%,9.1%,-0.4%,16.5%,20.2%,18.8%,"42,086,822,864.57","38,281,678,445.23","37,343,252,210.53","38,602,478,703.70","38,894,962,247.84","34,635,609,600.00","31,462,586,140.80","27,958,019,821.83","22,783,208,632.57","21,862,034,410.34","20,045,872,286.18","20,128,210,799.58","17,274,228,256.07","14,369,746,474.18","53,434,513,218.58","50,402,412,142.63","52,178,640,000.00","49,061,562,535.61","45,117,919,236.31","41,252,686,817.39","38,947,741,761.89","33,093,468,522.64","27,212,065,796.16","25,611,504,523.42","24,266,050,822.37","27,093,051,298.03","26,304,003,200.88","21,971,175,569.13",6.0%,-3.4%,6.4%,8.7%,9.4%,5.9%,17.7%,21.6%,6.2%,5.5%,-10.4%,3.0%,19.7%,7.6%,,,"8,622,453,684.21",,,,,,,,,,,,"963,660,344.27","1,166,816,447.16","1,510,723,157.89","1,754,262,393.16","933,848,414.99","698,316,660.87","744,384,445.26","864,459,910.91","631,817,918.03","439,155,088.85","445,809,457.24","585,338,940.81","653,082,008.83","1,006,082,620.77",48.7%,48.3%,48.9%,50.4%,50.1%,48.9%,51.8%,51.5%,46.9%,48.4%,51.0%,52.7%,53.0%,51.4%,2.4%,2.3%,1.4%,0.6%,2.3%,2.6%,2.6%,2.6%,2.5%,3.4%,3.1%,2.8%,2.7%,2.3%
BNLI.JK,Bank Permata Tbk PT,Indonesia,Banks,-0.7%,4.0%,4.2%,9.7%,4.0%,-5.7%,-22.9%,-14.0%,9.0%,0.0%,29.3%,31.7%,35.4%,36.4%,"8,148,135,432.06","8,209,535,298.25","7,892,514,814.81","7,570,766,858.79","6,901,537,460.87","6,636,268,706.23","7,036,574,907.20","9,130,792,383.03","10,612,961,470.11","9,734,279,851.97","9,730,622,326.06","7,528,083,222.96","5,716,496,946.14","4,222,630,997.88","12,805,844,265.98","12,858,458,456.14","10,541,408,333.33","9,089,211,599.42","8,389,277,217.39","8,402,915,591.60","9,871,142,910.17","10,720,529,198.40","12,131,543,618.74","11,079,203,371.71","11,102,717,237.80","9,283,841,942.60","6,665,675,069.41","4,891,191,295.12",-0.4%,22.0%,16.0%,8.3%,-0.2%,-14.9%,-7.9%,-11.6%,9.5%,-0.2%,19.6%,39.3%,36.3%,23.3%,"2,936,569,097.33","3,081,607,368.42","2,977,989,672.36","1,415,033,357.35","1,391,957,704.35","1,211,867,969.04","1,033,392,501.86","1,132,124,555.68",,"968,246,217.11",,,,,"382,131,962.74","492,753,964.91","341,216,951.57","215,117,074.93","324,633,808.70","332,255,584.22","713,556,273.20","258,744,359.81",,"100,688,404.61","134,143,613.71","154,879,470.20","152,977,345.92","174,569,002.12",55.3%,51.6%,59.5%,62.0%,59.9%,52.4%,53.6%,52.8%,56.9%,58.6%,59.7%,59.4%,58.1%,65.1%,1.1%,0.7%,0.9%,1.3%,0.8%,0.6%,-5.0%,0.2%,1.2%,1.5%,1.6%,1.8%,1.9%,1.4%
BNGA.JK,Bank CIMB Niaga Tbk PT,Indonesia,Banks,10.4%,-0.9%,1.1%,-14.6%,6.3%,-2.5%,4.4%,3.7%,-10.2%,10.2%,-15.6%,7.9%,18.4%,31.1%,"12,602,198,311.14","11,410,558,303.89","11,515,035,578.95","11,385,454,700.85","13,328,396,253.60","12,543,475,269.57","12,858,971,765.57","12,321,857,164.07","11,885,412,767.50","13,237,027,221.32","12,016,451,151.32","14,237,221,079.96","13,198,365,231.79","11,143,832,759.58","15,435,018,967.20","14,757,119,755.86","17,151,435,859.65","14,987,961,538.46","14,190,553,746.40","13,473,315,547.83","14,463,806,192.41","13,743,771,863.40","13,361,442,655.06","14,280,273,828.76","13,531,553,618.42","16,016,093,250.26","14,742,650,551.88","13,218,568,795.11",4.6%,-14.0%,14.4%,5.6%,5.3%,-6.8%,5.2%,2.9%,-6.4%,5.5%,-15.5%,8.6%,11.5%,41.5%,"2,812,740,695.03","2,534,975,072.28","2,729,883,859.65","2,627,439,957.26","2,896,517,002.88","2,559,476,034.78","2,584,941,909.33","2,379,092,501.86","1,981,852,013.06","2,114,531,744.75","1,882,105,427.63",,,,"636,786,164.34","848,208,801.80","808,828,561.40","714,026,566.95","531,032,708.93","526,697,739.13","691,769,259.12","691,559,762.44","642,225,535.00","677,006,058.16","263,055,180.92","336,851,505.71","361,208,498.90","289,481,843.42",45.2%,48.2%,46.7%,48.4%,51.0%,50.7%,48.8%,51.4%,58.3%,50.9%,48.2%,46.6%,50.0%,48.6%,2.6%,2.1%,1.8%,1.1%,1.8%,1.8%,1.6%,1.2%,0.2%,1.4%,2.8%,3.2%,2.8%,2.7%
INPC.JK,Bank Artha Graha Internasional Tbk PT,Indonesia,Banks,-17.9%,-11.1%,-12.0%,-7.5%,-21.3%,1.1%,6.1%,-9.7%,8.9%,-20.4%,8.8%,18.3%,6.4%,28.3%,"623,526,052.04","759,080,982.46","853,460,256.41","969,703,674.35","1,048,787,408.70","1,331,933,210.47","1,317,310,541.95","1,241,394,849.47","1,374,641,518.58","1,262,538,980.26","1,586,670,820.35","1,458,002,538.63","1,232,168,275.73","1,157,893,800.82","1,307,016,961.13","1,475,373,543.86","1,824,924,643.87","1,459,596,613.83","1,443,625,391.30","1,655,581,570.22","1,556,486,265.78","1,559,801,813.57","1,593,679,402.26","1,439,886,019.74","1,812,193,457.94","1,812,019,867.55","1,638,412,437.79","1,393,750,730.83",-11.4%,-19.2%,25.0%,1.1%,-12.8%,6.4%,-0.2%,-2.1%,10.7%,-20.5%,0.0%,10.6%,17.6%,42.3%,"215,434,950.21","237,826,736.84","194,480,769.23","247,239,121.04","269,552,834.78","275,916,918.54","294,305,939.12","170,019,368.88","185,344,184.17",,,,,,"17,930,742.05","27,349,473.68","40,555,128.21","56,520,100.86","65,271,443.48","83,113,158.86","37,029,472.90","29,348,494.74","26,566,155.09",,"13,459,605.40","43,757,174.39","32,072,984.39","40,428,245.40",95.8%,118.9%,129.8%,85.3%,79.7%,83.0%,86.7%,83.0%,77.6%,67.7%,71.4%,71.5%,78.0%,80.6%,0.3%,-0.7%,0.1%,-0.3%,0.3%,0.3%,0.4%,0.3%,0.8%,1.4%,0.7%,0.7%,0.7%,0.5%
PNBN.JK,Bank Pan Indonesia Tbk PT,Indonesia,Banks,8.9%,0.2%,-5.6%,-16.9%,2.9%,0.6%,4.3%,8.1%,-6.1%,6.7%,-10.3%,24.8%,25.3%,46.1%,"9,128,480,350.76","8,380,519,113.40","8,367,724,421.05","8,859,720,156.70","10,663,346,109.51","10,361,384,417.39","10,301,535,864.36","9,877,611,061.62","9,133,458,034.10","9,722,060,581.58","9,111,003,453.95","10,161,373,104.88","8,140,931,346.58","6,497,968,573.01","8,944,276,388.44","9,333,291,680.05","9,544,297,894.74","10,299,525,569.80","9,758,136,671.47","9,637,367,513.04","11,043,240,398.08","10,737,107,052.71","9,721,243,815.74","10,591,633,521.81","10,311,794,243.42","11,400,859,813.08","10,085,510,264.90","8,771,273,514.71",-4.2%,-2.2%,-7.3%,5.5%,1.3%,-12.7%,2.9%,10.4%,-8.2%,2.7%,-9.6%,13.0%,15.0%,40.9%,"3,071,625,008.12","2,914,896,177.32","3,094,170,736.84","3,151,398,005.70","2,824,451,729.11","2,491,127,234.78","2,345,510,652.41","2,275,795,397.18","1,986,701,849.84","1,604,965,024.23","1,400,977,467.11","1,586,969,366.56",,,"470,275,738.88","365,948,988.11","376,746,877.19","382,381,980.06","310,816,570.61","296,097,460.87","280,330,630.30","269,084,780.99","212,775,843.31","183,180,694.67","182,901,973.68","157,804,776.74","270,406,291.39","269,724,486.40",68.2%,66.2%,80.3%,66.7%,58.4%,60.9%,71.1%,66.4%,70.4%,55.3%,50.3%,47.1%,48.1%,44.1%,1.7%,2.0%,1.2%,1.9%,2.2%,2.2%,1.4%,1.7%,1.4%,2.2%,2.1%,2.2%,2.3%,2.1%
BCIC.JK,Bank JTrust Indonesia Tbk PT,Indonesia,Banks,80.9%,35.5%,14.9%,-37.3%,-15.3%,4.7%,19.3%,13.9%,-29.8%,-26.7%,12.7%,81.2%,53.4%,11.5%,"1,244,353,164.15","687,994,385.96","507,695,441.60","441,850,360.23","704,634,226.09","831,688,978.99","794,214,179.66","665,693,072.18","584,383,844.91","832,920,723.68","1,136,692,315.68","1,008,918,322.30","556,683,620.21","362,908,174.10","1,902,760,038.55","1,296,205,122.81","1,017,065,883.19","1,055,635,446.69","1,054,623,234.78","1,060,831,625.51","996,503,637.71","826,933,115.71","894,627,140.55","1,037,948,190.79","1,399,354,517.13","1,283,186,534.22","1,028,749,694.61","665,052,441.61",46.8%,27.4%,-3.7%,0.1%,-0.6%,6.5%,20.5%,-7.6%,-13.8%,-25.8%,9.1%,24.7%,54.7%,33.6%,"199,485,319.63","154,975,578.95","80,149,145.30","102,936,167.15","80,675,895.65","111,397,051.23","108,589,532.29","74,566,412.77","72,386,106.62","104,587,664.47",,,,,"22,555,734.02",,,,,,,,"77,555,815.83","31,835,444.08","45,105,919.00","64,756,070.64",,,98.7%,400.2%,806.3%,216.2%,149.7%,79.1%,158.8%,225.0%,440.6%,124.4%,74.1%,116.3%,133.3%,85.3%,0.2%,-2.9%,-3.5%,0.3%,-2.3%,0.7%,-4.9%,-5.0%,-4.9%,-7.5%,1.0%,2.0%,2.4%,3.8%
NISP.JK,Bank OCBC NISP Tbk PT,Indonesia,Banks,13.3%,5.3%,1.7%,-5.2%,4.4%,4.8%,12.4%,9.9%,12.8%,4.8%,-4.3%,20.8%,29.8%,38.6%,"9,484,104,839.23","8,368,679,151.94","7,945,873,052.63","7,816,090,598.29","8,244,728,025.94","7,895,018,852.17","7,533,342,720.24","6,699,899,925.76","6,096,537,395.72","5,406,592,245.56","5,156,793,914.47","5,386,717,341.64","4,457,888,520.97","3,433,447,640.20","11,892,392,205.26","11,484,704,529.39","11,831,462,947.37","11,522,932,763.53","9,562,100,576.37","8,799,178,504.35","8,729,720,457.06","7,874,313,288.79","6,438,795,067.10","6,143,343,537.96","5,768,408,963.82","6,737,296,157.84","5,382,725,938.19","4,507,430,871.74",3.5%,-2.9%,2.7%,20.5%,8.7%,0.8%,10.9%,22.3%,4.8%,6.5%,-14.4%,25.2%,19.4%,26.5%,"2,318,866,255.28","2,105,898,811.44","2,193,500,280.70","2,063,053,276.35","1,932,152,521.61","1,641,360,278.26","1,564,275,488.39","1,421,325,463.99","1,179,348,784.91",,"1,056,714,062.50",,,,"161,779,149.07","211,484,420.17","199,524,140.35","157,355,270.66","146,779,683.00","141,286,191.30","140,008,403.98","129,839,049.74","80,991,222.34",,"38,510,279.61","49,594,496.37","57,272,958.06","69,631,649.08",48.1%,54.4%,40.1%,49.1%,45.2%,45.4%,45.0%,45.4%,54.3%,61.2%,61.9%,64.4%,66.7%,75.7%,2.1%,1.9%,1.5%,1.4%,2.2%,2.1%,2.0%,1.8%,1.8%,1.8%,1.7%,1.8%,1.8%,1.2%
MAYA.JK,Bank Mayapada Internasional Tbk PT,Indonesia,Banks,22.2%,27.1%,-22.8%,12.5%,8.4%,17.8%,40.1%,18.0%,45.0%,15.2%,32.6%,43.6%,25.1%,46.5%,"5,960,422,293.61","4,879,275,438.60","3,839,389,387.46","4,976,045,317.00","4,423,426,017.39","4,080,246,752.45","3,465,045,688.20","2,473,655,688.57","2,095,542,408.72","1,444,754,186.43","1,254,315,721.29","945,846,187.64","658,709,181.01","526,736,300.21","7,509,968,454.87","7,170,594,105.26","5,350,946,296.30","5,548,408,429.39","4,975,074,991.30","4,617,596,609.36","3,867,869,185.75","3,007,459,359.38","2,601,195,166.56","1,707,465,107.57","1,581,526,793.67","1,184,276,579.69","902,383,469.74","645,118,443.52",4.7%,34.0%,-3.6%,11.5%,7.7%,19.4%,28.6%,15.6%,52.3%,8.0%,33.5%,31.2%,39.9%,74.9%,"656,647,157.08","842,935,649.12","860,287,108.26","758,154,899.14","617,066,226.09","508,532,768.15","433,117,149.22","270,346,826.26",,"157,663,815.79",,,,,"303,482,878.25","215,283,228.07","277,716,737.89","199,515,273.78","252,873,391.30","234,846,367.27","8,120,759.69","7,666,447.44",,"99,727,623.27","31,437,425.03","24,312,079.80","22,173,209.00","5,172,544.80",77.1%,295.5%,450.2%,51.3%,47.3%,45.1%,40.9%,45.1%,55.3%,50.5%,52.5%,60.5%,65.8%,69.1%,0.0%,0.1%,0.1%,0.8%,0.7%,1.3%,2.0%,2.1%,1.9%,2.5%,2.3%,2.0%,1.2%,0.9%
MEGA.JK,Bank Mega Tbk PT,Indonesia,Banks,-4.7%,6.1%,23.4%,-10.0%,30.3%,13.8%,24.2%,-10.5%,-14.0%,9.3%,-11.5%,-20.2%,32.2%,34.6%,"4,266,845,079.57","4,479,108,705.43","4,222,475,508.77","3,420,731,837.61","3,799,339,193.08","2,915,176,347.83","2,561,629,635.09","2,062,172,308.83","2,303,117,301.41","2,677,074,394.18","2,448,955,756.58","2,767,424,506.75","3,466,522,185.43","2,622,232,981.68","6,080,189,996.75","6,729,325,795.05","7,111,596,631.58","5,800,755,128.21","5,708,493,155.62","4,451,811,617.39","4,714,540,140.07","3,900,386,043.06","3,772,437,867.25","4,399,558,077.54","4,633,816,611.84","5,831,505,919.00","6,039,709,492.27","5,014,844,752.92",-9.6%,-5.4%,22.6%,1.6%,28.2%,-5.6%,20.9%,3.4%,-14.3%,-5.1%,-20.5%,-3.4%,20.4%,36.1%,,,,,,,,,,,,,,,"18,347,710.30","22,798,972.05","11,242,947.37","9,511,467.24","62,119,596.54","47,021,843.48","52,206,118.69","72,153,971.79","66,110,047.15",,"53,932,483.55","58,730,010.38","34,461,037.53","23,746,029.98",42.0%,38.3%,36.7%,43.9%,54.7%,57.5%,56.4%,55.6%,57.4%,68.3%,73.5%,59.2%,59.9%,57.7%,3.2%,3.7%,4.0%,3.5%,2.7%,2.4%,2.2%,2.2%,1.8%,1.0%,1.0%,2.5%,2.1%,2.3%
BVIC.JK,Bank Victoria International Tbk PT,Indonesia,Banks,-5.4%,2.3%,-17.4%,9.7%,-2.4%,8.5%,13.8%,3.1%,-0.9%,15.7%,28.3%,73.3%,22.9%,47.2%,"982,106,831.99","1,037,670,221.61","1,014,670,657.55","1,228,727,538.47","1,120,192,804.17","1,148,299,869.74","1,058,711,730.81","930,340,491.62","902,282,126.33","910,856,839.72","787,216,252.13","613,532,521.08","353,935,337.48","288,055,497.45","1,330,343,093.93","1,339,792,635.16","1,433,931,564.03","1,622,330,466.21","1,548,186,415.58","1,696,413,907.92","1,548,388,874.68","1,365,209,733.12","1,393,038,937.40","1,339,455,065.30","1,270,631,611.53","1,111,198,532.56","1,003,526,642.64","664,089,700.21",-0.7%,-6.6%,-11.6%,4.8%,-8.7%,9.6%,13.4%,-2.0%,4.0%,5.4%,14.3%,10.7%,51.1%,55.1%,"205,681,995.95","164,144,646.88","154,516,954.49","189,235,610.95","178,975,606.40","199,450,467.31","166,886,751.74","140,603,157.71","141,417,366.72","131,017,358.63",,,,,"42,957,052.81","74,887,283.65","73,820,140.53","138,583,501.87","96,610,192.70","117,418,725.76","115,394,589.31","103,621,169.89","38,393,727.71","8,598,663.16","18,653,616.72","15,230,858.28","19,783,265.41","9,121,226.33",48.6%,56.9%,91.0%,74.0%,64.3%,50.9%,58.5%,62.9%,65.9%,42.6%,40.8%,48.7%,21.6%,35.1%,1.4%,-0.6%,-1.1%,-0.1%,0.3%,0.6%,0.4%,0.4%,0.6%,2.0%,1.9%,2.2%,1.5%,1.0%
BBCA.JK,Bank Central Asia Tbk PT,Indonesia,Banks,16.0%,2.6%,6.1%,-5.8%,13.4%,8.5%,11.7%,9.2%,0.1%,9.4%,-1.8%,19.9%,31.5%,31.2%,"50,427,470,867.16","43,457,814,134.28","42,368,244,631.58","39,940,023,433.05","42,378,612,247.84","37,366,427,547.83","34,432,708,809.44","30,822,499,851.52","28,228,702,357.64","28,199,602,584.81","25,780,990,789.47","26,258,016,926.27","21,904,136,313.47","16,659,792,781.79","72,226,922,312.44","67,308,334,339.87","69,190,594,035.09","60,606,573,076.92","51,261,678,458.21","44,627,725,982.61","43,592,353,040.91","40,004,924,201.93","34,891,283,351.47","36,664,729,079.16","34,085,596,217.11","38,716,231,256.49","36,097,481,456.95","31,263,670,516.38",7.3%,-2.7%,14.2%,18.2%,14.9%,2.4%,9.0%,14.7%,-4.8%,7.6%,-12.0%,7.3%,15.5%,18.5%,"15,180,355,959.73","13,648,936,010.28","13,762,413,754.39","12,816,629,772.08","12,301,900,216.14","10,393,904,139.13","9,047,557,758.94","7,835,313,734.22","6,355,764,018.86",,"4,500,621,957.24",,,,"971,763,429.68","763,069,450.69","972,532,421.05","726,333,262.11","567,501,873.20","528,253,008.70","511,973,166.24","404,710,244.99","203,210,373.59",,"112,891,447.37","102,110,903.43","108,989,955.85","109,832,204.33",37.7%,38.4%,38.7%,42.3%,43.2%,43.5%,45.0%,43.3%,45.5%,45.1%,42.9%,45.7%,43.3%,48.1%,4.4%,4.0%,3.4%,3.4%,4.2%,4.2%,4.1%,4.1%,3.9%,4.0%,3.8%,3.6%,3.9%,3.5%
BEKS.JK,Bank Pembangunan Daerah Banten Tbk PT,Indonesia,Banks,1.7%,12.0%,-10.1%,-43.7%,0.1%,2.0%,57.5%,-21.2%,-42.9%,-3.8%,-3.2%,51.0%,932.4%,-63.8%,"216,587,008.77","212,986,829.42","190,118,526.32","211,413,247.86","375,415,561.96","374,928,904.35","367,541,393.29","233,315,590.20","296,127,965.18","518,506,300.48","538,874,177.63","556,416,095.53","368,420,860.93","35,684,952.80","291,650,860.67","327,050,048.19","474,196,210.53","232,029,131.05","477,185,014.41","583,009,600.00","485,249,465.54","320,298,440.98","385,586,869.79","655,600,000.00","648,426,973.68","704,853,894.08","588,706,291.39","128,954,913.94",-10.8%,-31.0%,104.4%,-51.4%,-18.2%,20.1%,51.5%,-16.9%,-41.2%,1.1%,-8.0%,19.7%,356.5%,-8.5%,"81,628,190.97","79,466,431.10","105,499,578.95","56,345,726.50","13,113,112.39","23,239,721.74","33,867,010.69","41,620,786.93","27,867,609.72",,"57,000,328.95",,,,"19,883,533.61","18,681,079.34","21,245,192.98","47,922,649.57","19,247,982.71","22,649,739.13","20,210,173.24",,"17,826,840.77",,"37,682,894.74","58,437,590.86","35,772,516.56","34,673,181.57",90.6%,200.9%,385.8%,487.4%,238.9%,175.2%,138.4%,345.3%,143.2%,102.9%,82.7%,78.1%,163.1%,193.1%,0.7%,-3.5%,-2.9%,-3.9%,-2.1%,-1.5%,-1.5%,-9.1%,-5.1%,-1.7%,1.2%,1.0%,-4.5%,-11.1%
BSWD.JK,Bank Of India Indonesia Tbk PT,Indonesia,Banks,31.3%,-11.4%,-7.0%,-13.5%,4.4%,-4.8%,-34.1%,-2.4%,20.7%,10.5%,21.5%,33.7%,13.6%,29.5%,"151,224,569.20","115,215,135.13","130,105,198.81","139,932,914.09","161,709,451.62","154,939,180.44","162,728,118.01","246,750,483.33","252,816,396.03","209,482,757.52","189,555,858.13","156,036,063.89","116,691,478.41","102,726,523.57","169,432,921.89","154,158,059.59","182,629,585.74","201,284,346.92","188,264,462.55","243,031,414.89","232,690,628.21","349,724,291.75","325,178,890.36","245,512,949.95","213,643,929.08","185,193,071.18","136,288,280.20","128,581,933.37",9.9%,-15.6%,-9.3%,6.9%,-22.5%,4.4%,-33.5%,7.5%,32.4%,14.9%,15.4%,35.9%,6.0%,32.3%,"211,597,108.90","140,589,122.81","74,012,464.39","76,864,265.13","72,410,365.22","75,497,972.72","75,174,239.05","64,018,570.91","37,596,607.43","31,263,157.89",,,,,"14,600,470.49","11,502,858.13","6,849,432.83","32,647,167.58","33,469,236.63","27,660,490.47","8,703,579.90","10,227,649.06","2,975,687.29","3,366,755.08","2,667,312.89","3,139,116.11","4,230,008.14","1,896,248.50",56.0%,77.5%,83.4%,58.8%,54.6%,135.5%,39.4%,30.3%,29.1%,32.5%,42.5%,35.6%,39.2%,37.0%,0.1%,-1.1%,0.5%,0.6%,0.3%,-3.4%,-11.1%,-0.8%,3.2%,3.6%,3.2%,3.5%,3.1%,3.5%
BABP.JK,Bank MNC Internasional Tbk PT,Indonesia,Banks,10.0%,18.3%,-7.2%,4.6%,1.2%,-15.2%,15.3%,3.3%,11.9%,-15.5%,-4.0%,-18.5%,21.5%,28.0%,"639,425,955.67","581,419,368.42","491,373,860.40","529,357,997.12","505,945,600.00","500,096,277.18","589,591,314.03","511,227,058.40","495,059,208.40","442,284,457.24","523,682,748.91","545,707,899.78","669,438,760.47","550,824,217.41","863,331,256.02","802,968,070.18","703,044,943.02","639,293,804.03","643,338,086.96","682,974,640.62","807,627,394.21","745,836,343.85","645,518,820.68","590,985,197.37","683,463,038.42","710,739,690.95","856,495,684.18","675,109,310.62",7.5%,14.2%,10.0%,-0.6%,-5.8%,-15.4%,8.3%,15.5%,9.2%,-13.5%,-3.8%,-17.0%,26.9%,30.9%,"159,832,251.85","143,281,052.63","86,158,048.43","87,101,801.15","76,852,173.91","69,134,463.69","118,702,078.69","101,768,661.59",,,,,,,"22,980,918.73","26,347,017.54","28,858,119.66","31,439,913.54","29,869,773.91","37,935,274.60","16,428,359.32","15,188,538.27",,,"30,685,060.85","35,228,031.35","29,538,738.70","31,812,276.43",67.1%,84.2%,88.0%,86.4%,82.3%,116.1%,89.7%,95.7%,108.7%,94.1%,90.7%,101.3%,81.1%,81.2%,1.0%,0.2%,0.1%,0.3%,0.7%,-7.6%,0.1%,0.1%,-0.8%,-0.9%,0.1%,-1.8%,0.5%,0.2%
BKSW.JK,Bank QNB Indonesia Tbk PT,Indonesia,Banks,-10.2%,-17.5%,-19.7%,30.1%,-23.0%,-23.4%,-13.6%,23.7%,80.8%,104.9%,50.3%,16.4%,25.0%,11.0%,"594,675,425.63","662,286,666.67","802,523,076.92","999,741,930.84","768,355,965.22","998,359,675.64","1,302,983,518.93","1,508,038,012.33","1,219,197,011.31","674,151,480.26","329,066,251.30","218,981,677.70","188,134,258.75","150,495,688.87","681,781,304.21","850,726,666.67","891,601,353.28","1,283,768,155.62","1,075,825,113.04","1,470,350,092.15","1,508,780,994.80","1,573,312,948.86","1,455,980,613.89","748,185,361.84","381,042,575.29","293,548,896.25","265,383,564.69","227,585,549.02",-19.9%,-4.6%,-30.5%,19.3%,-26.8%,-2.5%,-4.1%,8.1%,94.6%,96.4%,29.8%,10.6%,16.6%,23.6%,"260,601,156.44","232,815,859.65","228,196,153.85","254,773,342.94","278,073,669.57","255,668,337.63","236,461,544.17","151,377,947.04","166,424,555.74","116,726,644.74",,,,,"6,159,331.83","489,403.51","39,575,213.68","57,014,841.50","19,430,956.52","19,119,719.87","93,076,911.66","39,108,233.59","3,819,789.98","1,557,812.50","2,397,403.95","3,486,754.97","4,014.99","8,666,129.37",69.7%,91.4%,127.7%,83.4%,28.4%,88.3%,91.1%,67.3%,73.7%,99.7%,123.1%,90.5%,88.4%,86.1%,-2.3%,-8.2%,-1.4%,0.0%,0.1%,-3.9%,-3.5%,0.9%,1.0%,0.1%,-0.8%,0.5%,0.2%,0.3%
BMRI.JK,Bank Mandiri (Persero) Tbk PT,Indonesia,Banks,19.5%,6.1%,7.5%,1.4%,15.3%,6.9%,9.8%,12.4%,0.5%,10.4%,-3.7%,17.9%,27.8%,31.7%,"87,313,374,472.23","73,040,025,056.22","68,839,527,017.54","64,047,264,601.14","63,192,004,394.81","54,810,926,121.74","51,266,623,074.09","46,701,408,760.21","41,559,622,996.01","41,361,432,067.85","37,480,139,555.92","38,912,399,273.10","33,005,192,384.11","25,824,015,435.87","103,631,997,466.71","96,795,755,798.27","91,578,015,017.54","82,119,046,296.30","68,225,392,002.88","59,675,923,269.57","60,788,896,940.66","57,325,598,663.70","50,006,632,644.18","52,839,761,147.01","46,793,852,549.34","51,633,932,917.96","48,002,652,759.38","41,070,740,255.41",7.1%,5.7%,11.5%,20.4%,14.3%,-1.8%,6.0%,14.6%,-5.4%,12.9%,-9.4%,7.6%,16.9%,17.1%,"13,622,882,364.40","11,633,334,532.61","11,613,523,157.89",,"12,907,864,625.36","11,022,083,200.00","10,734,715,812.75","9,677,542,316.26","6,764,802,901.70","6,385,472,536.35","5,415,624,095.39",,,,"1,717,648,262.42","1,213,525,730.81","1,666,647,508.77",,"1,499,163,760.81","1,551,934,678.26","1,845,984,813.86","1,943,906,533.04","1,115,511,280.38","912,587,479.81","734,375,822.37","752,326,064.38","768,018,211.92","665,198,889.51",42.9%,47.2%,50.9%,54.3%,50.7%,48.2%,50.1%,46.6%,48.1%,50.4%,47.9%,47.0%,48.4%,41.6%,3.6%,3.0%,2.3%,1.7%,2.9%,2.9%,2.5%,1.9%,3.0%,3.3%,3.5%,3.5%,3.3%,3.3%
AGRO.JK,Bank Raya Indonesia Tbk PT,Indonesia,Banks,-39.4%,-48.1%,-1.4%,26.1%,35.2%,32.8%,37.4%,15.6%,25.4%,16.9%,31.8%,-7.0%,2.1%,11.7%,"414,041,045.10","682,755,882.60","1,316,158,644.02","1,335,196,361.67","1,058,763,120.42","782,934,398.89","589,445,352.56","428,922,051.14","371,056,216.80","295,991,423.68","253,144,103.12","192,059,880.24","206,470,417.21","202,212,543.42","630,703,825.25","968,252,563.44","1,653,022,916.17","1,577,050,137.97","1,262,267,615.72","917,827,097.60","685,040,289.90","498,073,331.74","433,831,441.68","346,569,393.83","352,672,406.96","309,275,823.84","269,051,507.94","262,284,989.92",-34.9%,-41.4%,4.8%,24.9%,37.5%,34.0%,37.5%,14.8%,25.2%,-1.7%,14.0%,15.0%,2.6%,31.2%,"199,597,193.83","146,195,431.51","296,613,079.77","319,286,088.62","298,304,550.89","226,416,854.55","139,448,912.40","94,494,033.51",,"65,783,346.38",,,,,"14,490,076.65","32,392,680.70","68,950,880.20","106,808,850.14","31,141,149.36",,"17,399,326.50","8,221,725.86",,"13,546,269.82","15,006,057.42","10,389,660.15","24,281,338.48","15,774,625.48",45.6%,41.0%,45.0%,40.5%,38.6%,41.6%,45.3%,49.6%,58.7%,64.1%,63.0%,84.2%,76.6%,81.7%,0.8%,-14.7%,0.2%,0.3%,1.5%,1.4%,1.4%,1.5%,1.5%,1.6%,1.4%,1.4%,0.6%,0.2%
BBRI.JK,Bank Rakyat Indonesia (Persero) Tbk PT,Indonesia,Banks,14.3%,-0.2%,-2.1%,5.7%,11.2%,7.4%,9.9%,16.0%,2.3%,12.2%,-1.2%,17.3%,16.1%,26.7%,"73,426,628,970.44","64,258,214,905.24","64,374,132,140.35","65,773,558,831.91","62,254,216,210.37","55,977,282,434.78","52,108,138,591.96","47,404,860,133.63","40,883,577,003.99","39,946,207,269.79","35,602,529,605.26","36,042,749,532.71","30,731,236,203.09","26,472,668,073.29","89,008,579,408.90","84,626,955,348.54","80,847,203,438.60","79,146,078,846.15","73,079,802,161.38","64,865,462,121.74","61,000,940,803.54","54,943,797,030.44","48,254,723,177.37","49,934,272,536.35","40,898,780,756.58","46,136,140,498.44","42,035,326,269.32","37,176,026,873.96",5.2%,4.7%,2.1%,8.3%,12.7%,6.3%,11.0%,13.9%,-3.4%,22.1%,-11.4%,9.8%,13.1%,35.2%,"15,521,701,786.29","15,080,498,811.44","16,279,441,614.04",,"13,473,502,089.34","11,473,011,895.65",,,"6,528,283,859.27",,"5,424,674,342.11",,,,"2,390,454,498.21","1,910,935,303.57","2,144,871,578.95",,"1,725,317,723.34","1,229,963,756.52",,,"825,587,087.41",,"553,942,269.74","653,839,044.65","1,023,393,929.36","1,107,027,984.45",48.0%,51.6%,55.9%,60.4%,42.3%,41.9%,42.1%,42.8%,44.8%,43.8%,42.8%,44.6%,42.5%,43.2%,4.0%,3.6%,2.3%,1.8%,3.2%,3.4%,3.5%,3.6%,3.9%,4.3%,4.7%,4.7%,4.3%,4.1%
BNBA.JK,Bank Bumi Arta Tbk PT,Indonesia,Banks,-12.3%,-14.9%,-12.9%,12.3%,-0.6%,-0.2%,6.3%,9.3%,22.9%,0.4%,30.1%,38.6%,25.7%,18.3%,"239,758,272.19","273,304,413.48","321,229,125.70","368,883,874.89","328,477,053.58","330,487,583.71","331,029,372.41","311,439,473.12","285,013,321.12","231,995,913.19","231,119,961.56","177,688,090.33","128,188,713.41","102,000,784.61","320,329,447.09","440,407,393.65","426,734,815.62","429,178,355.68","395,065,946.52","408,308,898.03","424,615,537.75","380,105,409.21","361,387,541.00","278,734,895.95","301,995,636.49","268,951,032.13","241,913,338.40","206,692,526.89",-27.3%,3.2%,-0.6%,8.6%,-3.2%,-3.8%,11.7%,5.2%,29.7%,-7.7%,12.3%,11.2%,17.0%,40.1%,"195,785,444.95",,"105,754,792.87","106,546,196.14","100,742,364.70","98,029,353.28","93,711,666.37","86,795,089.14","37,486,881.98","35,103,494.83",,,,,"9,754,812.74",,"8,577,672.29","5,677,414.93","5,004,912.69","5,668,348.87","6,070,379.01","2,429,377.04","717,273.74","498,536.86","1,475,635.52","1,936,191.72","2,928,622.59","2,223,256.51",71.6%,76.6%,80.9%,76.6%,64.7%,60.2%,59.2%,68.0%,71.1%,70.8%,65.5%,62.4%,69.4%,66.1%,0.6%,0.7%,0.7%,1.0%,1.8%,1.7%,1.6%,1.3%,1.5%,2.1%,2.4%,2.0%,1.5%,1.9%
BBKP.JK,Bank KB Bukopin Tbk PT,Indonesia,Banks,-16.8%,-5.7%,-18.1%,9.2%,-14.1%,2.3%,11.1%,4.3%,12.1%,-15.5%,5.5%,34.8%,28.1%,23.5%,"3,145,305,621.59","3,778,957,754.39","4,007,565,242.17","4,895,442,219.02","4,483,032,904.35","5,215,959,528.20","5,096,359,613.96","4,585,240,406.24","4,395,471,486.27","3,920,457,565.79","4,641,426,064.38","4,399,874,061.81","3,265,071,404.78","2,549,494,373.67","4,030,341,599.74","4,615,027,017.54","4,149,807,621.08","5,940,667,795.39","5,535,166,608.70","6,696,477,478.81","6,419,770,378.62","5,697,993,906.42","5,461,979,483.04","4,776,073,930.92","5,884,412,772.59","5,489,202,317.88","4,800,945,030.54","3,519,015,498.94",-12.7%,11.2%,-30.1%,7.3%,-17.3%,4.3%,12.7%,4.3%,14.4%,-18.8%,7.2%,14.3%,36.4%,32.5%,"433,683,841.95","656,647,929.82","391,017,877.49","457,923,487.03","450,253,982.61","371,366,236.64","426,487,305.12",,"454,925,121.16","414,999,342.11",,,,,"221,392,868.62","685,288,000.00","449,323,504.27","298,904,971.18","214,986,226.09","343,420,125.32","174,972,160.36",,"123,545,557.35","96,691,776.32","131,309,761.16","127,224,061.81","108,857,856.75","74,352,123.14",177.1%,249.8%,178.6%,98.9%,80.2%,76.2%,70.5%,62.4%,68.8%,66.5%,61.1%,59.4%,65.0%,71.6%,-5.7%,-3.7%,-4.4%,0.1%,0.2%,0.1%,0.5%,1.4%,1.2%,1.8%,1.7%,1.8%,1.6%,1.5%
SDRA.JK,Bank Woori Saudara Indonesia 1906 Tbk PT,Indonesia,Banks,10.9%,8.0%,11.4%,10.6%,22.8%,12.8%,13.9%,20.8%,9.4%,125.8%,-25.2%,47.8%,31.3%,38.3%,"2,810,985,254.95","2,534,759,588.82","2,345,935,438.60","2,106,771,296.30","1,904,157,564.84","1,550,926,747.83","1,374,837,007.00","1,207,188,418.71","999,320,856.00","913,298,222.94","404,400,822.37","540,392,211.84","365,554,194.26","278,446,973.90","2,055,581,682.36","1,856,177,192.42","1,729,530,736.84","1,328,128,205.13","1,501,480,187.32","1,209,138,573.91","1,347,959,085.88","1,164,635,263.55","1,049,187,957.93","924,132,956.38","319,135,279.61","664,059,293.87","474,035,651.21","311,347,695.72",10.7%,7.3%,30.2%,-11.5%,24.2%,-10.3%,15.7%,11.0%,13.5%,189.6%,-51.9%,40.1%,52.3%,39.0%,"546,281,000.32","514,723,160.94","510,447,929.82","374,787,037.04",,"299,388,730.43","292,919,941.02","172,413,214.55","158,324,555.68","184,056,865.91","122,366,611.84",,,,"35,780,772.98","27,140,893.03","22,137,614.04","23,678,418.80",,"26,895,373.91","21,277,405.09","18,645,657.02","20,014,145.81","20,651,857.84","1,452,878.29","10,848,494.29","6,086,092.72","5,045,086.06",45.9%,36.2%,54.2%,50.9%,48.7%,45.4%,52.8%,58.9%,60.4%,34.4%,27.8%,58.5%,66.8%,63.3%,1.7%,2.3%,2.0%,1.8%,2.0%,2.6%,2.4%,2.0%,2.0%,1.7%,3.9%,2.5%,2.9%,2.9%
MCOR.JK,Bank China Construction Bank Indonesia Tbk PT,Indonesia,Banks,17.4%,10.2%,-8.8%,4.9%,24.4%,7.6%,21.9%,15.5%,-5.7%,23.8%,-3.7%,-7.2%,55.8%,94.8%,"1,224,172,718.42","1,042,887,182.78","946,014,175.44","1,036,738,034.19","988,395,028.82","794,818,713.04","738,612,532.25","605,995,768.37","524,618,861.08","556,128,109.85","449,118,832.24","466,527,414.33","502,764,128.04","322,648,084.40","1,319,354,465.74","1,157,378,027.63","1,357,763,578.95","1,317,123,575.50","1,041,474,495.68","916,049,808.70","960,363,361.59","719,048,923.53","618,421,400.07","676,343,699.52","554,226,398.03","585,245,794.39","644,589,955.85","417,250,749.58",14.0%,-14.8%,3.1%,26.5%,13.7%,-4.6%,33.6%,16.3%,-8.6%,22.0%,-5.3%,-9.2%,54.5%,60.9%,"390,669,373.17","368,118,149.69","392,975,087.72","396,496,082.62","170,182,204.61","148,456,347.83","148,729,819.39",,,,,,,,"71,010,003.25","44,717,507.23","60,008,982.46","39,016,096.87","42,058,573.49","39,416,000.00","35,777,073.35",,,,,"9,233,437.18","16,172,847.68","6,820,655.19",54.2%,60.5%,64.9%,81.4%,78.7%,70.1%,77.3%,82.0%,72.5%,76.9%,66.0%,67.2%,76.4%,57.6%,1.2%,0.7%,0.4%,0.3%,0.6%,0.9%,0.5%,0.7%,1.0%,0.8%,1.6%,2.0%,0.9%,1.1%
BACA.JK,Bank Capital Indonesia Tbk PT,Indonesia,Banks,14.1%,-64.4%,-34.2%,24.5%,5.7%,6.5%,12.4%,14.8%,24.4%,5.1%,52.0%,-4.8%,57.7%,107.4%,"184,635,785.42","161,779,438.60","454,577,564.10","690,822,406.34","554,673,043.48","524,539,845.19","492,720,118.78","438,502,792.89","382,061,389.34","307,129,029.61","292,137,798.55","192,140,176.60","201,882,398.67","128,037,716.77","1,003,135,946.03","1,350,095,929.82","1,222,489,672.36","1,160,707,780.98","1,092,381,286.96","1,040,594,249.91","919,188,047.51","785,636,053.68","663,493,457.19","507,665,542.76","515,615,264.80","446,177,704.19","404,611,104.94","283,295,559.66",-25.7%,10.4%,5.3%,6.3%,5.0%,13.2%,17.0%,18.4%,30.7%,-1.5%,15.6%,10.3%,42.8%,162.4%,"207,894,249.92","145,367,789.47","103,593,660.97","92,630,547.55","87,897,808.70","90,628,750.46","84,325,389.76","75,590,859.63",,"65,024,095.39",,,,,"314,423.39",0.00,0.00,"156,884,870.32","139,878,539.13","96,580,390.71","14,509,131.40","3,456,945.96","1,287,560.58","1,132,154.61","6,193,146.42","1,563,024.28","2,099,722.38","164,534.39",91.1%,100.3%,106.5%,67.9%,60.0%,67.9%,64.0%,66.4%,60.8%,60.6%,62.4%,68.2%,68.0%,59.8%,0.2%,0.2%,0.4%,0.1%,0.8%,0.8%,1.0%,1.1%,1.2%,1.5%,1.2%,0.8%,0.7%,1.1%
BTPN.JK,Bank BTPN Tbk PT,Indonesia,Banks,7.8%,-0.9%,-2.3%,-6.4%,116.9%,-2.1%,2.6%,10.2%,1.2%,10.9%,-6.1%,20.6%,29.7%,55.6%,"9,869,649,236.77","9,158,008,159.33","9,238,250,877.19","9,457,998,148.15","10,107,563,688.76","4,661,058,434.78","4,759,139,108.00","4,638,686,414.25","4,210,649,111.35","4,158,841,114.70","3,751,462,582.24","3,993,759,709.24","3,311,329,139.07","2,552,745,252.64","7,731,126,794.41","7,390,470,864.12","7,947,928,491.23","7,645,173,219.37","7,101,797,766.57","4,929,329,113.04","5,068,513,969.78","4,983,546,176.69","4,373,210,591.22","4,308,986,429.73","4,294,196,463.82","4,681,059,293.87","3,944,047,350.99","2,844,495,169.35",4.6%,-7.0%,4.0%,7.7%,44.1%,-2.7%,1.7%,14.0%,1.5%,0.3%,-8.3%,18.7%,38.7%,44.4%,"2,378,297,694.06","2,246,452,875.04","2,255,809,192.98","2,095,934,188.03","1,963,960,590.78",,"1,113,853,151.49","1,082,751,224.94","920,838,157.42",,,,,,"136,185,060.08","133,338,194.67","160,230,105.26","116,965,811.97","83,040,706.05",,"43,478,289.72","37,268,225.69","17,146,681.18",,,"23,285,358.26","24,209,381.90","29,564,464.19",54.3%,53.0%,53.3%,55.9%,56.7%,57.9%,69.7%,63.3%,61.7%,57.8%,53.6%,53.8%,54.0%,59.4%,1.7%,2.3%,2.1%,1.4%,2.8%,3.0%,2.1%,3.0%,3.1%,3.5%,4.5%,4.7%,4.4%,4.0%
BJBR.JK,Bank Pembangunan Daerah Jawa Barat dan Banten Tbk PT,Indonesia,Banks,3.9%,6.1%,6.7%,13.0%,-0.1%,10.2%,16.6%,1.6%,7.4%,-17.6%,19.7%,0.2%,43.2%,50.9%,"7,321,806,231.93","7,048,997,894.74","6,645,276,353.28","6,228,595,317.00","5,509,997,356.52","5,515,322,889.79","5,004,122,939.87","4,290,987,159.96","4,223,008,077.54","3,932,625,493.42","4,771,612,253.37","3,985,720,198.68","3,977,634,314.27","2,777,692,887.47","8,715,164,535.82","8,672,125,824.56","7,738,530,769.23","6,564,790,057.64","6,353,293,982.61","6,880,631,256.91","6,293,833,259.09","5,200,864,127.68","4,980,995,557.35","4,565,013,898.03","5,959,249,325.03","4,894,201,324.50","3,920,833,647.97","2,764,539,490.45",0.5%,12.1%,17.9%,3.3%,-7.7%,9.3%,21.0%,4.4%,9.1%,-23.4%,21.8%,24.8%,41.8%,45.1%,"909,304,079.67","805,022,526.32","735,845,014.25","707,240,706.05","662,690,852.17","623,581,570.22","597,818,634.00","459,952,992.38","463,476,009.69","439,995,312.50",,,,,"164,263,539.99","121,557,473.68","91,863,532.76","95,963,328.53","88,231,791.30","80,818,503.50","81,062,360.80","117,662,314.11","166,580,371.57","110,975,822.37","88,250,051.92","38,706,732.89","48,810,771.79",,72.3%,69.3%,73.3%,70.5%,69.6%,69.4%,66.2%,67.0%,60.8%,56.5%,54.2%,51.3%,46.9%,52.4%,1.7%,1.7%,1.6%,1.6%,1.6%,1.5%,1.5%,2.1%,1.9%,2.5%,2.4%,2.7%,3.2%,3.4%
BBTN.JK,Bank Tabungan Negara (Persero) Tbk PT,Indonesia,Banks,13.8%,-0.6%,3.8%,-2.2%,10.0%,12.8%,20.3%,21.3%,7.5%,13.1%,-2.2%,20.8%,22.8%,32.4%,"20,662,954,011.04","18,156,555,155.80","18,273,651,298.25","17,596,383,190.88","17,990,561,455.33","16,347,798,260.87","14,495,731,220.05","12,051,250,705.27","9,931,463,619.88","9,236,318,093.70","8,168,603,125.00","8,352,030,010.38","6,911,654,083.89","5,626,742,365.35","22,715,073,400.45","20,693,767,041.44","20,773,553,333.33","19,873,512,321.94","16,563,680,187.32","16,197,481,460.87","14,590,433,026.17","12,148,511,655.53","9,389,181,574.17","8,695,472,213.25","7,934,447,286.18","8,450,123,156.80","6,927,481,788.08","5,341,956,468.63",9.8%,-0.4%,4.5%,20.0%,2.3%,11.0%,20.1%,29.4%,8.0%,9.6%,-6.1%,22.0%,29.7%,23.6%,"1,763,824,488.47","1,447,697,205.27","1,300,464,000.00","1,255,402,706.55","1,515,664,048.99","1,423,310,330.43","1,380,534,389.97","1,220,724,498.89","882,961,407.33",,"812,380,016.45",,,,"1,313,925,560.25","1,132,970,510.76","1,220,495,649.12","1,250,193,732.19","447,398,487.03","465,994,991.30","389,832,141.54","347,159,910.91","344,810,301.05",,"334,353,782.89","345,410,903.43","192,585,540.84","186,846,085.51",56.2%,55.7%,58.3%,62.1%,65.5%,56.9%,57.4%,58.4%,58.2%,64.9%,61.8%,62.1%,63.1%,60.5%,1.0%,1.0%,0.8%,0.7%,0.1%,1.3%,1.6%,1.7%,1.6%,1.1%,1.8%,1.9%,1.9%,2.0%
BSIM.JK,Bank Sinarmas Tbk PT,Indonesia,Banks,-24.5%,-14.9%,-12.9%,14.6%,0.5%,-4.3%,13.8%,9.1%,27.6%,-15.8%,-4.4%,45.1%,36.2%,44.8%,"885,156,312.24","1,172,649,473.68","1,377,601,495.73","1,580,873,198.85","1,380,023,095.65","1,373,768,227.05","1,435,783,221.97","1,261,137,903.52","1,155,697,657.51","905,780,756.58","1,075,527,622.01","1,124,894,039.74","775,292,726.26","569,285,244.16","2,082,311,275.30","2,669,529,684.21","2,195,520,940.17","1,833,750,432.28","1,586,847,095.65","1,619,454,699.59","1,929,712,323.68","1,702,692,129.13","1,430,729,240.71","1,157,544,572.37","1,351,303,115.26","1,675,136,754.97","1,131,156,801.78","750,642,038.22",-22.0%,21.6%,19.7%,15.6%,-2.0%,-16.1%,13.3%,19.0%,23.6%,-14.3%,-19.3%,48.1%,50.7%,52.1%,,"487,238,385.96","396,862,678.06","394,403,530.26","312,456,626.09","320,233,984.52","300,484,112.84","222,951,396.45","230,218,174.47","207,901,069.08",,,,,,"59,617,614.04","70,753,490.03","129,738,400.58","66,642,573.91","52,312,642.83","30,078,173.72","47,396,082.70","32,557,835.22","22,743,585.53","34,484,735.20","10,038,189.85","9,810,993.89","12,478,343.95",91.6%,95.2%,97.0%,98.1%,97.3%,83.5%,79.6%,86.6%,83.8%,75.8%,71.0%,70.2%,62.1%,65.3%,0.6%,0.3%,0.3%,0.2%,0.2%,1.3%,1.7%,1.0%,1.0%,1.8%,1.8%,1.1%,1.5%,1.0%
BMAS.JK,Bank Maspion Indonesia Tbk PT,Indonesia,Banks,-2.5%,17.4%,24.8%,13.8%,3.7%,7.3%,5.8%,15.9%,4.3%,-13.1%,32.1%,,,,"560,972,395.95","575,204,144.14","490,063,136.89","392,815,931.56","345,119,708.66","332,677,742.50","309,929,560.73","292,801,580.99","252,691,115.27","242,361,740.87","278,766,029.80","210,992,743.27",,,"747,593,457.24","894,700,194.25","619,665,702.21","449,726,121.04","375,406,082.64","353,103,913.90","319,050,962.73","321,243,613.13","334,219,416.64","286,930,247.29","312,289,951.61","265,746,260.82",,,-16.4%,44.4%,37.8%,19.8%,6.3%,10.7%,-0.7%,-3.9%,16.5%,-8.1%,17.5%,,,,"197,251,851.08","88,333,098.04","88,369,014.96","85,097,548.85","80,754,009.11","81,467,133.51","79,368,676.84","58,562,708.02","48,895,206.22","48,869,597.70",,,,,"19,591,326.57","13,768,704.07","9,477,876.14","10,363,841.71","10,460,739.48","7,290,908.22","2,833,245.58","1,505,931.45",,"1,470,373.36","671,219.73",,,,62.1%,67.0%,67.1%,71.2%,65.3%,65.0%,63.7%,75.1%,81.2%,77.1%,78.5%,70.0%,,,1.0%,0.8%,1.0%,1.1%,1.5%,1.6%,1.7%,1.1%,0.8%,1.1%,1.0%,,,
BJTM.JK,Bank Pembangunan Daerah Jawa Timur Tbk PT,Indonesia,Banks,20.3%,0.4%,0.7%,5.9%,18.4%,1.6%,6.3%,5.8%,-3.6%,16.4%,-6.7%,7.4%,23.5%,,"3,468,398,700.88","2,883,266,623.84","2,871,448,561.40","2,850,857,905.98","2,692,519,164.27","2,274,413,008.70","2,238,142,793.96","2,104,904,751.30","1,989,390,351.83","2,063,349,192.25","1,772,920,065.79","1,900,380,373.83","1,769,806,070.64","1,433,283,842.31","5,246,940,759.99","5,467,812,720.85","6,132,615,228.07","5,080,048,717.95","4,570,194,668.59","3,593,115,756.52","3,044,162,845.56","2,525,378,025.24","2,547,487,196.23","2,494,515,831.99","2,163,019,490.13","2,347,018,483.90","2,250,371,633.55","1,828,213,325.93",-4.0%,-10.8%,20.7%,11.2%,27.2%,18.0%,20.5%,-0.9%,2.1%,15.3%,-7.8%,4.3%,23.1%,,"716,153,556.35","664,721,619.02","652,434,526.32","599,127,991.45",,"517,320,626.09","510,747,143.38","488,493,615.44","402,802,611.53","435,382,229.40","394,909,950.66",,,,"141,987,788.24","102,793,125.60","148,652,000.00","115,532,763.53",,"91,530,434.78","107,494,655.36","105,007,498.14","88,486,325.72","70,115,508.89","40,601,398.03","56,924,714.43","35,164,459.16",,56.2%,57.3%,53.8%,54.6%,51.8%,55.6%,53.2%,49.8%,48.7%,45.3%,42.1%,42.8%,45.3%,40.5%,1.8%,2.0%,2.1%,1.9%,2.7%,3.1%,3.5%,3.4%,3.1%,3.9%,3.7%,3.7%,5.3%,
BGTG.JK,Bank Ganesha Tbk PT,Indonesia,Banks,8.0%,-7.3%,-13.4%,7.9%,-8.0%,18.8%,100.2%,-8.5%,-5.6%,-15.7%,5.2%,,,-9.1%,"183,139,222.61","169,529,824.56","182,851,923.08","211,212,463.98","195,660,313.04","212,646,885.37","179,035,783.22","89,445,484.22","97,778,836.83","103,533,881.58","122,884,228.76","116,764,723.95",,"84,534,093.42","361,411,885.64","443,527,719.30","293,761,396.01","260,338,832.85","230,904,973.91","250,074,161.44","230,625,463.99","124,934,856.73","152,876,252.02","143,820,230.26","182,485,014.64","178,905,532.45",,"133,105,569.32",-18.5%,51.0%,12.8%,12.7%,-7.7%,8.4%,84.6%,-18.3%,6.3%,-21.2%,2.0%,,,8.3%,"197,143,077.42","145,450,947.37","74,393,732.19","79,462,391.93","74,956,939.13","79,632,878.73","77,009,354.12",,,,,,,,"3,767,234.18","9,094,736.84","10,318,162.39","4,912,391.93","8,617,113.04",,,,,,,,,"1,742,979.83",49.4%,68.2%,69.9%,66.0%,63.9%,59.3%,59.9%,81.9%,92.3%,82.5%,88.0%,83.1%,,82.6%,0.7%,0.2%,0.1%,0.3%,0.2%,1.5%,1.7%,0.4%,0.2%,1.0%,0.6%,0.7%,,0.6%
BBMD.JK,Bank Mestika Dharma Tbk PT,Indonesia,Banks,2.0%,9.1%,-9.0%,11.3%,1.0%,6.9%,-9.7%,-2.6%,7.3%,-8.5%,16.2%,9.7%,,,"557,644,835.60","546,973,192.44","501,566,792.55","551,032,432.00","495,202,475.27","490,089,456.99","458,260,574.03","507,637,676.46","521,361,177.92","485,748,130.45","531,033,292.03","456,973,710.32","416,679,747.12",,"709,320,167.39","796,317,747.64","705,163,276.31","642,870,288.37","582,810,964.40","617,782,768.94","577,562,065.47","509,147,077.10","520,389,962.29","483,373,532.41","564,940,454.25","564,730,251.50","501,322,269.39",,-10.9%,12.9%,9.7%,10.3%,-5.7%,7.0%,13.4%,-2.2%,7.7%,-14.4%,0.0%,12.6%,,,"291,713,074.20","306,667,508.77","293,120,584.05","251,851,657.06","208,956,243.48","218,494,213.05","197,794,110.04","160,939,800.30","155,952,737.89","147,202,898.76",,,,,"13,620,376.81","19,332,959.84","24,195,544.88","12,685,344.06","11,769,573.22","12,911,235.56","16,738,638.60","11,647,666.25","11,386,206.80","37,542,809.83",,,,,39.0%,36.9%,40.7%,49.8%,47.8%,42.1%,40.3%,43.2%,43.3%,38.0%,36.1%,33.4%,30.9%,,4.1%,4.4%,3.1%,2.6%,3.0%,3.2%,2.4%,3.6%,3.8%,5.4%,5.1%,4.3%,,
AGRS.JK,Bank IBK Indonesia Tbk PT,Indonesia,Banks,22.2%,19.8%,23.5%,37.2%,0.2%,-4.9%,7.2%,1.1%,36.2%,74.3%,78.7%,,,,"504,280,051.40","412,521,122.81","344,384,615.38","278,876,585.01","203,280,278.26","202,950,976.78","213,460,653.30","199,147,769.31","196,953,958.00","144,590,789.47","82,936,137.07","46,418,322.30",,,"599,623,835.53","465,783,228.07","348,812,321.94","371,904,683.00","245,596,104.35","242,714,780.69","256,746,622.12","262,699,093.22","291,333,683.36","173,125,493.42","97,673,831.78","83,459,823.40",,,28.7%,33.5%,-6.2%,51.4%,1.2%,-5.5%,-2.3%,-9.8%,68.3%,77.2%,17.0%,,,,"264,085,448.12","203,662,105.26","132,935,113.96","91,821,253.60","32,981,704.35","36,979,727.24","39,338,530.07","36,168,879.22","35,050,403.88","28,504,440.79",,,,,"9,660,263.41","8,810,947.37","15,471,225.07","34,972,406.34","13,355,686.96",,"7,640,905.72","3,502,430.18","1,319,063.00","497,450.66","64,070.61","29,690.95",,,63.5%,82.4%,159.2%,113.6%,95.0%,101.1%,92.0%,87.2%,91.8%,85.1%,92.6%,91.1%,,,0.6%,0.1%,-2.1%,-4.9%,-0.7%,-0.2%,0.2%,0.2%,0.2%,0.8%,0.5%,,,
NOBU.JK,Bank Nationalnobu Tbk PT,Indonesia,Banks,15.7%,29.9%,2.9%,13.5%,25.8%,21.5%,17.4%,30.1%,90.4%,137.4%,140.1%,969.9%,,,"792,141,599.74","684,457,824.56","526,880,555.56","512,021,397.69","451,090,573.91","358,584,740.14","295,216,184.11","251,451,867.97","193,270,355.41","101,481,825.66","42,742,056.07","17,805,077.26","1,664,186.56",,"1,004,639,511.73","1,189,932,771.93","755,750,498.58","728,714,913.54","698,518,817.39","702,610,246.96","563,383,221.97","397,278,998.91","368,338,933.76","234,267,763.16","99,120,353.06","22,090,176.60","1,599,888.95",,-15.6%,57.5%,3.7%,4.3%,-0.6%,24.7%,41.8%,7.9%,57.2%,136.3%,348.7%,"1,280.7%",,,"109,795,117.25","114,266,666.67","100,835,042.74","95,218,659.94","91,107,408.70","97,556,579.43","94,446,102.45","82,073,920.93","94,880,856.22","86,914,638.16","26,026,791.28",,,,"4,221,201.41","1,762,385.96","183,475.78",,,,,,,0.00,0.00,0.00,0.00,,77.8%,79.4%,87.7%,87.6%,83.5%,87.4%,86.0%,87.3%,85.4%,73.0%,86.4%,77.5%,63.0%,,0.6%,0.5%,0.5%,0.5%,0.4%,0.4%,0.5%,0.4%,0.4%,0.8%,0.5%,1.1%,,
VICO.JK,Victoria Investama Tbk PT,Indonesia,Banks,,,,,,,,,,,,,,,,,,,,,,,,,,,,,,,,,,,,,,,,,,,,,,,,,,,,,,,,,,,,,,,,,,,,,,,,,,,,,,,,,,,,,,,,,,,,,,,,,,,1.4%,-0.5%,-1.0%,0.1%,0.3%,0.7%,3.7%,5.3%,6.5%,12.8%,12.8%,12.2%,,
DNAR.JK,Bank Oke Indonesia Tbk PT,Indonesia,Banks,33.6%,25.7%,29.2%,16.2%,98.4%,2.9%,19.9%,19.2%,71.2%,61.0%,90.2%,,,,"509,454,148.60","381,223,559.70","303,193,612.49","234,651,871.02","201,891,633.31","101,746,912.89","98,839,693.33","82,409,884.64","69,147,597.17","40,400,873.60","25,087,671.31","13,192,583.69",,,"383,468,929.38","318,572,112.24","259,139,501.36","218,809,916.28","200,876,206.27","151,483,093.42","136,705,241.31","117,632,782.78","97,431,088.39","46,848,853.48","31,147,340.90","12,940,879.31",,,20.4%,22.9%,18.4%,8.9%,32.6%,10.8%,16.2%,20.7%,108.0%,50.4%,140.7%,,,,"222,555,862.51","202,222,175.44","169,243,233.62","99,349,135.45",,"30,890,232.22","30,658,648.85","29,406,456.29","27,610,177.71","20,735,690.79",,,,,"10,379,791.68","9,890,164.51","8,530,771.15","5,460,575.19",,,,,,,,,,,63.2%,73.2%,83.2%,105.1%,79.3%,81.0%,77.9%,74.1%,89.6%,71.8%,68.0%,67.2%,,,0.2%,0.4%,0.3%,-0.2%,0.8%,0.5%,0.8%,1.0%,0.3%,1.4%,1.6%,,,
PNBS.JK,Bank Panin Dubai Syariah Tbk PT,Indonesia,Banks,11.9%,-5.3%,5.1%,42.5%,-7.2%,-5.1%,14.1%,6.8%,79.7%,34.8%,103.4%,212.9%,,,"649,481,925.99","580,383,301.33","613,051,232.19","583,109,441.43","409,177,147.83","441,077,908.74","464,962,351.45","407,664,060.86","381,620,689.01","212,325,863.08","157,564,099.38","77,457,984.33","24,755,672.18",,"756,646,974.69","847,730,529.61","579,741,886.40","675,845,671.83","488,435,082.50","610,778,545.08","559,187,271.64","431,145,929.85","411,508,995.88","239,229,029.03","150,405,381.72","46,635,992.05","34,596,103.28",,-10.7%,46.2%,-14.2%,38.4%,-20.0%,9.2%,29.7%,4.8%,72.0%,59.1%,222.5%,34.8%,,,"150,346,181.05","146,114,080.21","192,782,885.97","83,156,983.57","102,131,459.83","45,485,377.88","81,300,574.31","79,857,317.59","83,265,426.41","42,379,029.19","48,820,137.90","49,218,552.43","15,380,734.70",,,,,,,,,,,,,,,,40.6%,71.1%,101.9%,94.5%,93.9%,92.4%,73.0%,62.7%,49.3%,60.6%,42.7%,64.7%,158.9%,,1.7%,-6.4%,0.1%,0.2%,0.2%,-11.2%,0.3%,1.1%,1.9%,0.9%,3.1%,2.0%,,
BINA.JK,Bank Ina Perdana Tbk PT,Indonesia,Banks,144.2%,24.2%,13.6%,47.7%,13.9%,4.6%,-4.5%,4.5%,16.7%,-23.0%,-8.9%,87.6%,6.6%,38.5%,"611,093,992.93","250,256,561.40","201,413,817.66","177,234,942.36","119,973,147.83","105,347,438.26","100,703,637.71","105,478,273.49","100,902,100.16","86,436,430.92","112,327,414.33","123,317,867.98","65,749,527.23","61,680,750.63","1,032,087,568.26","879,235,649.12","507,222,649.57","288,980,907.78","182,199,165.22","139,873,940.29","138,314,847.81","126,705,549.51","132,071,405.49","100,561,677.63","142,110,799.58","145,224,136.91","91,632,190.54","77,319,536.84",17.4%,73.3%,75.5%,58.6%,30.3%,1.1%,9.2%,-4.1%,31.3%,-29.2%,-2.1%,58.5%,18.5%,50.3%,"206,837,134.60","162,982,596.49","85,242,165.24","82,792,146.97","82,013,982.61","85,525,617.40","33,739,346.70","20,323,975.34","22,903,877.22","12,806,332.24","12,408,515.06",,,,"13,939,029.87","15,557,052.63","6,310,113.96","8,636,311.24","2,979,130.43","4,988,131.22","3,203,711.95","222,125.50","790,710.82","318,174.34","409,553.48","1,369,266.71","1,544,215.38","273,392.61",48.6%,64.4%,64.1%,79.1%,69.8%,64.3%,61.1%,74.4%,68.5%,82.7%,82.0%,86.7%,76.7%,61.6%,1.1%,0.4%,0.4%,0.2%,0.5%,0.9%,1.0%,1.1%,1.3%,0.8%,1.2%,0.3%,1.0%,2.6%
BBYB.JK,PT Bank Neo Commerce Tbk,Indonesia,Banks,120.0%,15.5%,-3.8%,3.0%,-8.3%,16.6%,26.6%,18.4%,30.4%,-39.7%,23.6%,,,,"644,633,986.51","292,971,466.60","253,756,138.46","263,730,092.51","256,091,904.22","279,261,762.59","239,412,637.88","189,054,211.31","159,716,082.47","122,458,920.29","203,110,241.95","164,301,609.27",,,"946,988,307.10","573,421,564.26","303,779,470.48","299,004,981.09","270,140,142.18","315,716,285.44","255,619,792.29","219,167,865.23","193,434,475.96","166,260,121.14","237,832,037.07","226,247,594.48",,,65.1%,88.8%,1.6%,10.7%,-14.4%,23.5%,16.6%,13.3%,16.3%,-30.1%,5.1%,,,,"228,582,653.39","193,315,859.65","77,246,723.65","65,337,463.98","39,196,382.61","41,546,258.75","39,685,374.91","22,525,208.56",,"17,625,246.71","23,727,414.33","22,035,982.34",,,"13,500,610.34","5,081,137.21","10,570,653.52","11,915,166.56",,,,,,"4,882,916.13","7,314,044.34","7,525,764.24",,,97.4%,290.4%,94.7%,57.2%,72.5%,59.7%,64.6%,81.5%,88.6%,88.3%,90.4%,70.8%,,,-5.1%,-11.8%,0.3%,0.4%,-2.9%,0.4%,2.4%,1.1%,0.6%,0.7%,0.5%,,,
BRIS.JK,Pt Bank Syariah Indonesia Tbk,Indonesia,Banks,11.9%,10.8%,9.9%,531.5%,17.4%,4.3%,8.7%,11.0%,-12.9%,4.0%,-4.1%,5.8%,,,"9,421,203,572.59","8,419,760,038.55","7,601,399,859.65","6,919,730,911.68","1,095,821,757.93","933,226,434.78","894,386,067.08","822,983,890.13","741,486,035.55","850,820,840.06","818,041,858.55","853,384,319.83","806,845,916.11",,"19,260,866,580.06","17,090,820,173.47","16,544,035,017.54","15,171,521,438.75","2,532,636,959.65","2,134,505,391.30","2,017,944,489.50","1,781,127,394.21","1,524,447,587.96","1,447,031,583.20","1,253,840,871.71","1,298,498,338.53","1,110,544,260.49",,12.7%,3.3%,9.0%,499.0%,18.7%,5.8%,13.3%,16.8%,5.3%,15.4%,-3.4%,16.9%,,,"2,344,620,136.41","2,006,571,988.44","1,626,176,771.93","1,454,444,017.09","343,667,219.02",,"180,782,012.53","173,444,172.23",,,,,,,,,,,,,,,,,,,,,51.5%,52.3%,53.7%,54.9%,57.9%,61.0%,66.1%,67.7%,74.0%,93.0%,83.1%,75.2%,51.5%,,2.2%,1.9%,1.6%,2.1%,0.3%,0.4%,0.5%,0.9%,0.8%,0.1%,1.2%,1.1%,,
BBHI.JK,Allo Bank Indonesia Tbk PT,Indonesia,Banks,3.5%,201.6%,71.5%,-20.7%,5.1%,-15.8%,23.7%,-3.0%,-13.2%,22.3%,-16.6%,,,,"475,707,030.81","459,561,670.96","152,372,774.44","88,833,973.67","112,036,098.11","106,592,813.57","126,646,278.60","102,386,244.38","105,509,405.54","121,553,676.57","99,353,141.33","119,059,077.91",,,"333,147,277.17","292,606,417.18","163,980,957.48","106,377,951.29","157,790,414.18","131,686,409.20","145,817,176.49","122,484,619.19","121,678,652.40","137,366,979.51","115,498,188.19","158,982,206.11",,,13.9%,78.4%,54.1%,-32.6%,19.8%,-9.7%,19.0%,0.7%,-11.4%,18.9%,-27.4%,,,,"442,455,797.34","406,692,515.26","89,456,000.00","21,346,153.85","17,481,844.38","20,629,565.22","28,477,921.12","25,100,593.91","24,168,951.76","18,671,163.17","14,834,786.18","15,512,876.43",,,"389,763.99","58,110.38","797,360.95","2,511,830.34","12,160,252.27","2,631,764.94","3,057,629.91","2,936,754.13","7,755,176.45","4,380,608.36","1,620,791.30","3,753,745.71",,,46.2%,47.9%,28.0%,169.6%,73.3%,106.4%,85.1%,79.5%,85.0%,78.2%,86.1%,65.7%,,,4.8%,4.5%,6.1%,1.8%,-1.9%,-5.1%,0.7%,0.5%,-2.9%,1.0%,0.9%,,,
ARTO.JK,Bank Jago Tbk PT,Indonesia,Banks,59.9%,525.1%,224.5%,-32.1%,-22.3%,0.3%,1.3%,-23.2%,25.5%,9.2%,16.8%,-0.1%,,,"588,359,588.82","367,844,421.05","58,846,367.52","18,131,914.02","26,696,395.02","34,356,697.52","34,256,255.90","33,816,647.96","44,060,738.18","35,118,580.04","32,167,402.93","27,538,769.82","27,573,981.40",,"531,610,921.94","258,078,736.84","57,390,099.72","45,173,614.98","37,294,838.37","50,527,453.87","45,223,298.08","45,783,870.05","58,539,395.92","44,742,290.03","41,678,242.72","38,307,074.63","33,141,350.54",,106.0%,349.7%,27.0%,21.1%,-26.2%,11.7%,-1.2%,-21.8%,30.8%,7.4%,8.8%,15.6%,,,"467,770,318.02","537,972,350.88","76,200,854.70","47,702,593.66","7,403,547.83","9,972,134.17","10,409,428.36","7,561,117.16","8,171,082.39","8,768,750.00","10,777,258.57","11,328,807.95","11,813,103.83",,"5,805,460.97","3,676,210.53",0.00,"419,231.90",,,,,,,,,,,71.3%,84.0%,268.7%,398.5%,140.3%,102.7%,192.6%,99.8%,94.1%,89.6%,96.9%,90.6%,104.2%,,0.1%,0.1%,-10.8%,-12.0%,-2.4%,-1.5%,-5.0%,0.0%,0.3%,0.5%,0.2%,0.7%,,
BTPS.JK,Bank BTPN Syariah Tbk PT,Indonesia,Banks,-4.1%,1.3%,10.8%,-1.5%,27.5%,12.9%,20.0%,38.2%,,,,,,,"671,570,964.60","700,116,543.53","691,399,508.77","624,011,752.14","633,793,659.94","496,928,904.35","440,156,874.31","366,805,716.41","265,344,722.52",,,,,,"790,176,550.83","775,298,747.19","771,032,771.93","697,944,943.02","682,162,103.75","530,723,408.70","483,569,922.59","400,882,256.87","277,193,978.96",,,,,,1.9%,0.6%,10.5%,2.3%,28.5%,9.8%,20.6%,44.6%,,,,,,,"534,963,559.60","515,206,360.42","475,169,684.21","394,923,504.27","370,187,968.30","265,481,043.48","157,387,025.43","112,063,251.67","76,610,953.94",,,,,,,,,,,,,,,,,,,,38.8%,37.1%,39.6%,44.8%,44.8%,49.2%,55.5%,65.4%,76.5%,,,,,,6.5%,11.5%,10.7%,7.1%,13.7%,12.3%,11.0%,8.9%,,,,,,
AMAR.JK,Bank Amar Indonesia PT,Indonesia,Banks,-13.9%,36.1%,-15.1%,52.3%,273.7%,5.9%,,,,,,,,,"135,533,707.16","157,395,736.70","115,676,910.04","136,266,316.14","89,471,787.06","23,945,194.62","22,612,060.06",,,,,,,,"81,304,749.50","282,055,725.12","208,524,211.32","164,913,433.14","77,455,579.34","26,394,084.92","5,089,005.57",,,,,,,,-71.2%,35.3%,26.4%,112.9%,193.5%,418.6%,,,,,,,,,"199,785,929.97","71,871,228.07","73,331,908.83","74,742,723.34","32,628,452.17","34,681,385.92","34,322,123.24",,,,,,,,"8,668,344.04","10,967,520.35","3,072,602.71","6,666,733.65","4,702,824.07","2,092,685.59","1,558,065.33",,,,,,,,53.8%,99.9%,95.9%,37.1%,43.2%,68.2%,59.0%,,,,,,,,-4.2%,0.0%,0.7%,3.1%,1.6%,0.8%,,,,,,,,
BBSI.JK,Krom Bank Indonesia Tbk PT,Indonesia,Banks,-19.0%,1.2%,50.9%,12.9%,8.8%,,,,,,,,,,"52,793,254.27","65,162,581.99","64,359,779.18","42,662,728.21","37,783,627.03","34,730,213.79",,,,,,,,,"14,989,199.18","27,188,443.62","29,523,709.18","31,297,644.00","30,948,774.37","28,949,276.72",,,,,,,,,-44.9%,-7.9%,-5.7%,1.1%,6.9%,,,,,,,,,,"196,228,393.16",,"71,652,666.87","35,413,326.05","26,865,391.30","27,382,233.69",,,,,,,,,"977,262.35",,,,,,,,,,,,,,32.6%,21.1%,29.9%,42.7%,36.9%,40.7%,,,,,,,,,3.3%,4.3%,3.8%,3.3%,4.1%,,,,,,,,,
BANK.JK,Bank Aladin Syariah Tbk PT,Indonesia,Banks,,-100.0%,-98.9%,-92.8%,-84.8%,,,,,,,,,,"86,187,985.87",0.00,"3,703.70","345,965.42","4,786,991.30","31,470,991.52",,,,,,,,,"51,053,646.00","72,855,017.54","2,861,182.34",72.05,"1,182.61","45,568,669.37",,,,,,,,,-29.9%,"2,446.3%","3,971,221.1%",-93.9%,-100.0%,,,,,,,,,,"200,301,381.30","72,906,315.79","45,619,658.12","42,709,726.22","36,754,573.91","42,773,829.71",,,,,,,,,,,,,,,,,,,,,,,394.1%,410.1%,-31.7%,39.3%,148.7%,131.0%,,,,,,,,,-7.7%,-8.4%,6.2%,11.2%,-6.6%,,,,,,,,,
MASB.JK,Bank Multiarta Sentosa PT,Indonesia,Banks,2.7%,2.4%,-6.5%,11.8%,,,,,,,,,,,"548,918,846.38","534,617,543.66","522,192,884.80","558,352,512.27","499,537,726.17",,,,,,,,,,"1,124,722,743.26","1,415,892,770.77","1,376,997,548.48","904,413,699.86","657,101,154.38",,,,,,,,,,-20.6%,2.8%,52.3%,37.6%,,,,,,,,,,,"217,566,364.74","190,126,068.70","135,226,463.72","117,132,704.14","103,564,443.34",,,,,,,,,,"26,133,786.95","19,585,829.93","24,185,919.56","23,536,843.97","5,159,011.79",,,,,,,,,,47.4%,43.7%,56.2%,52.6%,54.1%,,,,,,,,,,1.8%,1.2%,0.9%,1.2%,,,,,,,,,,
